target,scheme,segment,feature,importance_mean,importance_rank,source_file,feature_family
day_ahead_price,chronos_xgb_residual_xgb_part,flat,roll_mean_4,0.5634778141975403,1,feature_importance_day_ahead_price.csv,roll_mean
day_ahead_price,chronos_xgb_residual_xgb_part,flat,lag_1,0.2106572389602661,2,feature_importance_day_ahead_price.csv,lag
day_ahead_price,chronos_xgb_residual_xgb_part,flat,minute,0.0181723218411207,3,feature_importance_day_ahead_price.csv,calendar_time
day_ahead_price,chronos_xgb_residual_xgb_part,flat,sin_slot96,0.0166992489248514,4,feature_importance_day_ahead_price.csv,calendar_time
day_ahead_price,chronos_xgb_residual_xgb_part,flat,hour,0.0165943950414657,5,feature_importance_day_ahead_price.csv,calendar_time
day_ahead_price,chronos_xgb_residual_xgb_part,flat,diff_1,0.0157384760677814,6,feature_importance_day_ahead_price.csv,diff
day_ahead_price,chronos_xgb_residual_xgb_part,flat,dayofweek,0.0153182307258248,7,feature_importance_day_ahead_price.csv,calendar_time
day_ahead_price,chronos_xgb_residual_xgb_part,flat,roll_mean_16,0.0148165514692664,8,feature_importance_day_ahead_price.csv,roll_mean
day_ahead_price,chronos_xgb_residual_xgb_part,flat,roll_mean_672,0.0143490955233573,9,feature_importance_day_ahead_price.csv,roll_mean
day_ahead_price,chronos_xgb_residual_xgb_part,flat,lag_2,0.0140990437939763,10,feature_importance_day_ahead_price.csv,lag
day_ahead_price,chronos_xgb_residual_xgb_part,global,lag_1,0.5748740434646606,1,feature_importance_day_ahead_price.csv,lag
day_ahead_price,chronos_xgb_residual_xgb_part,global,roll_mean_4,0.2245984673500061,2,feature_importance_day_ahead_price.csv,roll_mean
day_ahead_price,chronos_xgb_residual_xgb_part,global,roll_mean_672,0.0225819423794746,3,feature_importance_day_ahead_price.csv,roll_mean
day_ahead_price,chronos_xgb_residual_xgb_part,global,lag_2,0.0176899470388889,4,feature_importance_day_ahead_price.csv,lag
day_ahead_price,chronos_xgb_residual_xgb_part,global,roll_mean_16,0.0137326847761869,5,feature_importance_day_ahead_price.csv,roll_mean
day_ahead_price,chronos_xgb_residual_xgb_part,global,minute,0.0133172012865543,6,feature_importance_day_ahead_price.csv,calendar_time
day_ahead_price,chronos_xgb_residual_xgb_part,global,lag_4,0.0130190607160329,7,feature_importance_day_ahead_price.csv,lag
day_ahead_price,chronos_xgb_residual_xgb_part,global,sin_slot96,0.0113539258018136,8,feature_importance_day_ahead_price.csv,calendar_time
day_ahead_price,chronos_xgb_residual_xgb_part,global,holiday_name_National Day,0.0110355941578745,9,feature_importance_day_ahead_price.csv,holiday_name
day_ahead_price,chronos_xgb_residual_xgb_part,global,diff_1,0.0104951001703739,10,feature_importance_day_ahead_price.csv,diff
day_ahead_price,chronos_xgb_residual_xgb_part,peak,lag_1,0.5422860980033875,1,feature_importance_day_ahead_price.csv,lag
day_ahead_price,chronos_xgb_residual_xgb_part,peak,roll_mean_4,0.211174339056015,2,feature_importance_day_ahead_price.csv,roll_mean
day_ahead_price,chronos_xgb_residual_xgb_part,peak,holiday_name_National Day,0.0337289571762084,3,feature_importance_day_ahead_price.csv,holiday_name
day_ahead_price,chronos_xgb_residual_xgb_part,peak,lag_2,0.024486307054758,4,feature_importance_day_ahead_price.csv,lag
day_ahead_price,chronos_xgb_residual_xgb_part,peak,sin_slot96,0.0187381450086832,5,feature_importance_day_ahead_price.csv,calendar_time
day_ahead_price,chronos_xgb_residual_xgb_part,peak,lag_4,0.0154891647398471,6,feature_importance_day_ahead_price.csv,lag
day_ahead_price,chronos_xgb_residual_xgb_part,peak,roll_mean_16,0.0152676226571202,7,feature_importance_day_ahead_price.csv,roll_mean
day_ahead_price,chronos_xgb_residual_xgb_part,peak,diff_1,0.014154003933072,8,feature_importance_day_ahead_price.csv,diff
day_ahead_price,chronos_xgb_residual_xgb_part,peak,roll_mean_96,0.013660573400557,9,feature_importance_day_ahead_price.csv,roll_mean
day_ahead_price,chronos_xgb_residual_xgb_part,peak,hour,0.0125044090673327,10,feature_importance_day_ahead_price.csv,calendar_time
day_ahead_price,chronos_xgb_residual_xgb_part,valley,lag_1,0.4965350031852722,1,feature_importance_day_ahead_price.csv,lag
day_ahead_price,chronos_xgb_residual_xgb_part,valley,roll_mean_4,0.2014724016189575,2,feature_importance_day_ahead_price.csv,roll_mean
day_ahead_price,chronos_xgb_residual_xgb_part,valley,sin_slot96,0.0542223677039146,3,feature_importance_day_ahead_price.csv,calendar_time
day_ahead_price,chronos_xgb_residual_xgb_part,valley,dayofweek,0.0229949411004781,4,feature_importance_day_ahead_price.csv,calendar_time
day_ahead_price,chronos_xgb_residual_xgb_part,valley,lag_2,0.0219569932669401,5,feature_importance_day_ahead_price.csv,lag
day_ahead_price,chronos_xgb_residual_xgb_part,valley,lag_96,0.019577533006668,6,feature_importance_day_ahead_price.csv,lag
day_ahead_price,chronos_xgb_residual_xgb_part,valley,slot96,0.0168106779456138,7,feature_importance_day_ahead_price.csv,calendar_time
day_ahead_price,chronos_xgb_residual_xgb_part,valley,diff_1,0.0162774957716465,8,feature_importance_day_ahead_price.csv,diff
day_ahead_price,chronos_xgb_residual_xgb_part,valley,hour,0.0156254228204488,9,feature_importance_day_ahead_price.csv,calendar_time
day_ahead_price,chronos_xgb_residual_xgb_part,valley,roll_mean_16,0.0151163656264543,10,feature_importance_day_ahead_price.csv,roll_mean
day_ahead_price,xgb_only,flat,lag_1,0.5206059813499451,1,feature_importance_day_ahead_price.csv,lag
day_ahead_price,xgb_only,flat,roll_mean_4,0.2158152014017105,2,feature_importance_day_ahead_price.csv,roll_mean
day_ahead_price,xgb_only,flat,sin_slot96,0.043194942176342,3,feature_importance_day_ahead_price.csv,calendar_time
day_ahead_price,xgb_only,flat,lag_96,0.0275750085711479,4,feature_importance_day_ahead_price.csv,lag
day_ahead_price,xgb_only,flat,lag_2,0.020443545654416,5,feature_importance_day_ahead_price.csv,lag
day_ahead_price,xgb_only,flat,minute,0.0189226772636175,6,feature_importance_day_ahead_price.csv,calendar_time
day_ahead_price,xgb_only,flat,diff_1,0.0156235238537192,7,feature_importance_day_ahead_price.csv,diff
day_ahead_price,xgb_only,flat,dayofweek,0.0152213498950004,8,feature_importance_day_ahead_price.csv,calendar_time
day_ahead_price,xgb_only,flat,lag_672,0.0137277953326702,9,feature_importance_day_ahead_price.csv,lag
day_ahead_price,xgb_only,flat,hour,0.0129246786236763,10,feature_importance_day_ahead_price.csv,calendar_time
day_ahead_price,xgb_only,global,lag_1,0.559650182723999,1,feature_importance_day_ahead_price.csv,lag
day_ahead_price,xgb_only,global,roll_mean_4,0.2639661431312561,2,feature_importance_day_ahead_price.csv,roll_mean
day_ahead_price,xgb_only,global,lag_96,0.0172648150473833,3,feature_importance_day_ahead_price.csv,lag
day_ahead_price,xgb_only,global,diff_1,0.0129778729751706,4,feature_importance_day_ahead_price.csv,diff
day_ahead_price,xgb_only,global,minute,0.0119770215824246,5,feature_importance_day_ahead_price.csv,calendar_time
day_ahead_price,xgb_only,global,sin_slot96,0.0113135809078812,6,feature_importance_day_ahead_price.csv,calendar_time
day_ahead_price,xgb_only,global,lag_2,0.0112832775339484,7,feature_importance_day_ahead_price.csv,lag
day_ahead_price,xgb_only,global,is_holiday,0.0112338783219456,8,feature_importance_day_ahead_price.csv,holiday_binary
day_ahead_price,xgb_only,global,diff_96,0.0110406698659062,9,feature_importance_day_ahead_price.csv,diff
day_ahead_price,xgb_only,global,lag_672,0.0109831001609563,10,feature_importance_day_ahead_price.csv,lag
day_ahead_price,xgb_only,peak,lag_1,0.4045158922672272,1,feature_importance_day_ahead_price.csv,lag
day_ahead_price,xgb_only,peak,roll_mean_4,0.3739922642707824,2,feature_importance_day_ahead_price.csv,roll_mean
day_ahead_price,xgb_only,peak,sin_slot96,0.0232683680951595,3,feature_importance_day_ahead_price.csv,calendar_time
day_ahead_price,xgb_only,peak,roll_mean_96,0.0186472982168197,4,feature_importance_day_ahead_price.csv,roll_mean
day_ahead_price,xgb_only,peak,lag_2,0.0152125898748636,5,feature_importance_day_ahead_price.csv,lag
day_ahead_price,xgb_only,peak,holiday_name_National Day,0.0151606258004903,6,feature_importance_day_ahead_price.csv,holiday_name
day_ahead_price,xgb_only,peak,diff_1,0.0139250187203288,7,feature_importance_day_ahead_price.csv,diff
day_ahead_price,xgb_only,peak,roll_mean_16,0.0138023449108004,8,feature_importance_day_ahead_price.csv,roll_mean
day_ahead_price,xgb_only,peak,hour,0.0126795843243598,9,feature_importance_day_ahead_price.csv,calendar_time
day_ahead_price,xgb_only,peak,slot96,0.012547243386507,10,feature_importance_day_ahead_price.csv,calendar_time
day_ahead_price,xgb_only,valley,lag_1,0.4795839488506317,1,feature_importance_day_ahead_price.csv,lag
day_ahead_price,xgb_only,valley,roll_mean_4,0.2882071137428283,2,feature_importance_day_ahead_price.csv,roll_mean
day_ahead_price,xgb_only,valley,lag_2,0.0431463941931724,3,feature_importance_day_ahead_price.csv,lag
day_ahead_price,xgb_only,valley,roll_std_96,0.0155741712078452,4,feature_importance_day_ahead_price.csv,roll_std
day_ahead_price,xgb_only,valley,slot96,0.0152731630951166,5,feature_importance_day_ahead_price.csv,calendar_time
day_ahead_price,xgb_only,valley,before_holiday_1d,0.0151710854843258,6,feature_importance_day_ahead_price.csv,holiday_binary
day_ahead_price,xgb_only,valley,diff_1,0.0147236548364162,7,feature_importance_day_ahead_price.csv,diff
day_ahead_price,xgb_only,valley,lag_96,0.0142033696174621,8,feature_importance_day_ahead_price.csv,lag
day_ahead_price,xgb_only,valley,lag_672,0.013473373837769,9,feature_importance_day_ahead_price.csv,lag
day_ahead_price,xgb_only,valley,minute,0.0129078375175595,10,feature_importance_day_ahead_price.csv,calendar_time
day_ahead_price,xgb_oof_train,flat,lag_1,0.4561013736977027,1,feature_importance_day_ahead_price.csv,lag
day_ahead_price,xgb_oof_train,flat,roll_mean_4,0.1466440764757303,2,feature_importance_day_ahead_price.csv,roll_mean
day_ahead_price,xgb_oof_train,flat,sin_slot96,0.0876692240484632,3,feature_importance_day_ahead_price.csv,calendar_time
day_ahead_price,xgb_oof_train,flat,lag_2,0.05544365878002,4,feature_importance_day_ahead_price.csv,lag
day_ahead_price,xgb_oof_train,flat,slot96,0.032037129634633,5,feature_importance_day_ahead_price.csv,calendar_time
day_ahead_price,xgb_oof_train,flat,diff_1,0.0256319156346412,6,feature_importance_day_ahead_price.csv,diff
day_ahead_price,xgb_oof_train,flat,minute,0.0248410609335853,7,feature_importance_day_ahead_price.csv,calendar_time
day_ahead_price,xgb_oof_train,flat,diff_96,0.0203296775535608,8,feature_importance_day_ahead_price.csv,diff
day_ahead_price,xgb_oof_train,flat,lag_96,0.0187212265132424,9,feature_importance_day_ahead_price.csv,lag
day_ahead_price,xgb_oof_train,flat,lag_672,0.0158749266724603,10,feature_importance_day_ahead_price.csv,lag
day_ahead_price,xgb_oof_train,global,lag_1,0.5052960257117565,1,feature_importance_day_ahead_price.csv,lag
day_ahead_price,xgb_oof_train,global,roll_mean_4,0.2752488297052108,2,feature_importance_day_ahead_price.csv,roll_mean
day_ahead_price,xgb_oof_train,global,lag_2,0.0238654194220614,3,feature_importance_day_ahead_price.csv,lag
day_ahead_price,xgb_oof_train,global,sin_slot96,0.0213492756100514,4,feature_importance_day_ahead_price.csv,calendar_time
day_ahead_price,xgb_oof_train,global,slot96,0.0178705648196717,5,feature_importance_day_ahead_price.csv,calendar_time
day_ahead_price,xgb_oof_train,global,diff_96,0.0163983581766772,6,feature_importance_day_ahead_price.csv,diff
day_ahead_price,xgb_oof_train,global,lag_96,0.0145188781898468,7,feature_importance_day_ahead_price.csv,lag
day_ahead_price,xgb_oof_train,global,lag_672,0.0143681200525651,8,feature_importance_day_ahead_price.csv,lag
day_ahead_price,xgb_oof_train,global,minute,0.0132590197062584,9,feature_importance_day_ahead_price.csv,calendar_time
day_ahead_price,xgb_oof_train,global,diff_1,0.0124733470237025,10,feature_importance_day_ahead_price.csv,diff
day_ahead_price,xgb_oof_train,peak,roll_mean_4,0.4177249773190571,1,feature_importance_day_ahead_price.csv,roll_mean
day_ahead_price,xgb_oof_train,peak,lag_1,0.3991998891131236,2,feature_importance_day_ahead_price.csv,lag
day_ahead_price,xgb_oof_train,peak,lag_2,0.0205285190604627,3,feature_importance_day_ahead_price.csv,lag
day_ahead_price,xgb_oof_train,peak,sin_slot96,0.0158115731095537,4,feature_importance_day_ahead_price.csv,calendar_time
day_ahead_price,xgb_oof_train,peak,lag_96,0.0148948276630387,5,feature_importance_day_ahead_price.csv,lag
day_ahead_price,xgb_oof_train,peak,diff_1,0.0124638007882122,6,feature_importance_day_ahead_price.csv,diff
day_ahead_price,xgb_oof_train,peak,roll_mean_16,0.0122836786456621,7,feature_importance_day_ahead_price.csv,roll_mean
day_ahead_price,xgb_oof_train,peak,slot96,0.009560402124547,8,feature_importance_day_ahead_price.csv,calendar_time
day_ahead_price,xgb_oof_train,peak,lag_192,0.0086499331563782,9,feature_importance_day_ahead_price.csv,lag
day_ahead_price,xgb_oof_train,peak,roll_mean_96,0.0085899307070156,10,feature_importance_day_ahead_price.csv,roll_mean
day_ahead_price,xgb_oof_train,valley,lag_1,0.5088720046556913,1,feature_importance_day_ahead_price.csv,lag
day_ahead_price,xgb_oof_train,valley,roll_mean_4,0.2436859513131472,2,feature_importance_day_ahead_price.csv,roll_mean
day_ahead_price,xgb_oof_train,valley,lag_2,0.1143364232893173,3,feature_importance_day_ahead_price.csv,lag
day_ahead_price,xgb_oof_train,valley,diff_1,0.0143560836485658,4,feature_importance_day_ahead_price.csv,diff
day_ahead_price,xgb_oof_train,valley,roll_std_96,0.0106625774955878,5,feature_importance_day_ahead_price.csv,roll_std
day_ahead_price,xgb_oof_train,valley,minute,0.009503905450961,6,feature_importance_day_ahead_price.csv,calendar_time
day_ahead_price,xgb_oof_train,valley,lag_672,0.0085973092578709,7,feature_importance_day_ahead_price.csv,lag
day_ahead_price,xgb_oof_train,valley,dayofweek,0.0085365832951188,8,feature_importance_day_ahead_price.csv,calendar_time
day_ahead_price,xgb_oof_train,valley,lag_96,0.0085282148703789,9,feature_importance_day_ahead_price.csv,lag
day_ahead_price,xgb_oof_train,valley,slot96,0.0077969711094808,10,feature_importance_day_ahead_price.csv,calendar_time
real_time_price,chronos_xgb_residual_xgb_part,flat,lag_1,0.3574387431144714,1,feature_importance_real_time_price.csv,lag
real_time_price,chronos_xgb_residual_xgb_part,flat,roll_mean_4,0.2886812388896942,2,feature_importance_real_time_price.csv,roll_mean
real_time_price,chronos_xgb_residual_xgb_part,flat,is_holiday,0.0328981839120388,3,feature_importance_real_time_price.csv,holiday_binary
real_time_price,chronos_xgb_residual_xgb_part,flat,lag_4,0.0218153111636638,4,feature_importance_real_time_price.csv,lag
real_time_price,chronos_xgb_residual_xgb_part,flat,roll_mean_96,0.0217107404023408,5,feature_importance_real_time_price.csv,roll_mean
real_time_price,chronos_xgb_residual_xgb_part,flat,lag_192,0.021624568849802,6,feature_importance_real_time_price.csv,lag
real_time_price,chronos_xgb_residual_xgb_part,flat,diff_96,0.0202232245355844,7,feature_importance_real_time_price.csv,diff
real_time_price,chronos_xgb_residual_xgb_part,flat,sin_slot96,0.0200582332909107,8,feature_importance_real_time_price.csv,calendar_time
real_time_price,chronos_xgb_residual_xgb_part,flat,roll_mean_672,0.0197799075394868,9,feature_importance_real_time_price.csv,roll_mean
real_time_price,chronos_xgb_residual_xgb_part,flat,roll_mean_16,0.0196165964007377,10,feature_importance_real_time_price.csv,roll_mean
real_time_price,chronos_xgb_residual_xgb_part,global,lag_1,0.3347938060760498,1,feature_importance_real_time_price.csv,lag
real_time_price,chronos_xgb_residual_xgb_part,global,roll_mean_4,0.2909261584281921,2,feature_importance_real_time_price.csv,roll_mean
real_time_price,chronos_xgb_residual_xgb_part,global,holiday_name_Dragon Boat Festival,0.0836198106408119,3,feature_importance_real_time_price.csv,holiday_name
real_time_price,chronos_xgb_residual_xgb_part,global,holiday_name_None,0.034860011190176,4,feature_importance_real_time_price.csv,holiday_name
real_time_price,chronos_xgb_residual_xgb_part,global,roll_mean_16,0.0236561950296163,5,feature_importance_real_time_price.csv,roll_mean
real_time_price,chronos_xgb_residual_xgb_part,global,sin_slot96,0.0195549931377172,6,feature_importance_real_time_price.csv,calendar_time
real_time_price,chronos_xgb_residual_xgb_part,global,lag_2,0.017919834703207,7,feature_importance_real_time_price.csv,lag
real_time_price,chronos_xgb_residual_xgb_part,global,diff_96,0.0166394039988517,8,feature_importance_real_time_price.csv,diff
real_time_price,chronos_xgb_residual_xgb_part,global,slot96,0.0143963433802127,9,feature_importance_real_time_price.csv,calendar_time
real_time_price,chronos_xgb_residual_xgb_part,global,lag_192,0.0138052785769104,10,feature_importance_real_time_price.csv,lag
real_time_price,chronos_xgb_residual_xgb_part,peak,roll_mean_4,0.3420212268829345,1,feature_importance_real_time_price.csv,roll_mean
real_time_price,chronos_xgb_residual_xgb_part,peak,lag_1,0.1279570758342743,2,feature_importance_real_time_price.csv,lag
real_time_price,chronos_xgb_residual_xgb_part,peak,holiday_name_Dragon Boat Festival,0.113559678196907,3,feature_importance_real_time_price.csv,holiday_name
real_time_price,chronos_xgb_residual_xgb_part,peak,dayofweek,0.0500257797539234,4,feature_importance_real_time_price.csv,calendar_time
real_time_price,chronos_xgb_residual_xgb_part,peak,holiday_name_None,0.0414919927716255,5,feature_importance_real_time_price.csv,holiday_name
real_time_price,chronos_xgb_residual_xgb_part,peak,roll_mean_16,0.0314105451107025,6,feature_importance_real_time_price.csv,roll_mean
real_time_price,chronos_xgb_residual_xgb_part,peak,cos_slot96,0.0270714815706014,7,feature_importance_real_time_price.csv,calendar_time
real_time_price,chronos_xgb_residual_xgb_part,peak,minute,0.0235716272145509,8,feature_importance_real_time_price.csv,calendar_time
real_time_price,chronos_xgb_residual_xgb_part,peak,holiday_name_Labour Day,0.0193109828978776,9,feature_importance_real_time_price.csv,holiday_name
real_time_price,chronos_xgb_residual_xgb_part,peak,roll_mean_672,0.0154133820906281,10,feature_importance_real_time_price.csv,roll_mean
real_time_price,chronos_xgb_residual_xgb_part,valley,roll_mean_4,0.2425517290830612,1,feature_importance_real_time_price.csv,roll_mean
real_time_price,chronos_xgb_residual_xgb_part,valley,lag_1,0.2260392308235168,2,feature_importance_real_time_price.csv,lag
real_time_price,chronos_xgb_residual_xgb_part,valley,is_holiday,0.0604413338005542,3,feature_importance_real_time_price.csv,holiday_binary
real_time_price,chronos_xgb_residual_xgb_part,valley,roll_mean_16,0.0591537728905677,4,feature_importance_real_time_price.csv,roll_mean
real_time_price,chronos_xgb_residual_xgb_part,valley,lag_672,0.0368580371141433,5,feature_importance_real_time_price.csv,lag
real_time_price,chronos_xgb_residual_xgb_part,valley,roll_mean_96,0.0366943813860416,6,feature_importance_real_time_price.csv,roll_mean
real_time_price,chronos_xgb_residual_xgb_part,valley,lag_192,0.0252726823091506,7,feature_importance_real_time_price.csv,lag
real_time_price,chronos_xgb_residual_xgb_part,valley,holiday_name_Dragon Boat Festival,0.0248397570103406,8,feature_importance_real_time_price.csv,holiday_name
real_time_price,chronos_xgb_residual_xgb_part,valley,minute,0.0247845351696014,9,feature_importance_real_time_price.csv,calendar_time
real_time_price,chronos_xgb_residual_xgb_part,valley,is_workday,0.0229366701096296,10,feature_importance_real_time_price.csv,holiday_binary
real_time_price,xgb_only,flat,lag_1,0.4266306459903717,1,feature_importance_real_time_price.csv,lag
real_time_price,xgb_only,flat,roll_mean_4,0.2692853808403015,2,feature_importance_real_time_price.csv,roll_mean
real_time_price,xgb_only,flat,roll_std_96,0.035751711577177,3,feature_importance_real_time_price.csv,roll_std
real_time_price,xgb_only,flat,is_holiday,0.0277552399784326,4,feature_importance_real_time_price.csv,holiday_binary
real_time_price,xgb_only,flat,holiday_name_Dragon Boat Festival,0.0170716308057308,5,feature_importance_real_time_price.csv,holiday_name
real_time_price,xgb_only,flat,roll_mean_96,0.0156777985394001,6,feature_importance_real_time_price.csv,roll_mean
real_time_price,xgb_only,flat,sin_slot96,0.015284807421267,7,feature_importance_real_time_price.csv,calendar_time
real_time_price,xgb_only,flat,lag_192,0.0151590844616293,8,feature_importance_real_time_price.csv,lag
real_time_price,xgb_only,flat,lag_2,0.0148410648107528,9,feature_importance_real_time_price.csv,lag
real_time_price,xgb_only,flat,hour,0.0143460473045706,10,feature_importance_real_time_price.csv,calendar_time
real_time_price,xgb_only,global,lag_1,0.4620695114135742,1,feature_importance_real_time_price.csv,lag
real_time_price,xgb_only,global,roll_mean_4,0.2532820701599121,2,feature_importance_real_time_price.csv,roll_mean
real_time_price,xgb_only,global,holiday_name_Dragon Boat Festival,0.055186204612255,3,feature_importance_real_time_price.csv,holiday_name
real_time_price,xgb_only,global,roll_mean_16,0.0299712531268596,4,feature_importance_real_time_price.csv,roll_mean
real_time_price,xgb_only,global,dayofweek,0.021005967631936,5,feature_importance_real_time_price.csv,calendar_time
real_time_price,xgb_only,global,lag_2,0.0174471549689769,6,feature_importance_real_time_price.csv,lag
real_time_price,xgb_only,global,lag_4,0.0149087952449917,7,feature_importance_real_time_price.csv,lag
real_time_price,xgb_only,global,lag_96,0.0140518732368946,8,feature_importance_real_time_price.csv,lag
real_time_price,xgb_only,global,diff_1,0.0132870711386203,9,feature_importance_real_time_price.csv,diff
real_time_price,xgb_only,global,slot96,0.0132581340149044,10,feature_importance_real_time_price.csv,calendar_time
real_time_price,xgb_only,peak,holiday_name_Dragon Boat Festival,0.2716382145881653,1,feature_importance_real_time_price.csv,holiday_name
real_time_price,xgb_only,peak,lag_1,0.1848975867033004,2,feature_importance_real_time_price.csv,lag
real_time_price,xgb_only,peak,roll_mean_4,0.1519645005464553,3,feature_importance_real_time_price.csv,roll_mean
real_time_price,xgb_only,peak,roll_mean_16,0.0882359221577644,4,feature_importance_real_time_price.csv,roll_mean
real_time_price,xgb_only,peak,is_weekend,0.048975221812725,5,feature_importance_real_time_price.csv,calendar_time
real_time_price,xgb_only,peak,cos_slot96,0.0251387599855661,6,feature_importance_real_time_price.csv,calendar_time
real_time_price,xgb_only,peak,holiday_name_Labour Day,0.0178742501884698,7,feature_importance_real_time_price.csv,holiday_name
real_time_price,xgb_only,peak,roll_mean_672,0.0138712665066123,8,feature_importance_real_time_price.csv,roll_mean
real_time_price,xgb_only,peak,before_holiday_1d,0.0132207609713077,9,feature_importance_real_time_price.csv,holiday_binary
real_time_price,xgb_only,peak,holiday_name_Spring Festival,0.0131956469267606,10,feature_importance_real_time_price.csv,holiday_name
real_time_price,xgb_only,valley,lag_1,0.2644489407539367,1,feature_importance_real_time_price.csv,lag
real_time_price,xgb_only,valley,roll_mean_4,0.2540897130966186,2,feature_importance_real_time_price.csv,roll_mean
real_time_price,xgb_only,valley,roll_mean_16,0.0585114620625972,3,feature_importance_real_time_price.csv,roll_mean
real_time_price,xgb_only,valley,roll_mean_96,0.0406022816896438,4,feature_importance_real_time_price.csv,roll_mean
real_time_price,xgb_only,valley,holiday_name_National Day,0.0370908714830875,5,feature_importance_real_time_price.csv,holiday_name
real_time_price,xgb_only,valley,is_workday,0.0348356515169143,6,feature_importance_real_time_price.csv,holiday_binary
real_time_price,xgb_only,valley,diff_96,0.0298970602452754,7,feature_importance_real_time_price.csv,diff
real_time_price,xgb_only,valley,lag_96,0.0297954119741916,8,feature_importance_real_time_price.csv,lag
real_time_price,xgb_only,valley,slot96,0.0290053635835647,9,feature_importance_real_time_price.csv,calendar_time
real_time_price,xgb_only,valley,minute,0.0195925738662481,10,feature_importance_real_time_price.csv,calendar_time
real_time_price,xgb_oof_train,flat,lag_1,0.3940303331384292,1,feature_importance_real_time_price.csv,lag
real_time_price,xgb_oof_train,flat,roll_mean_4,0.2107814480908788,2,feature_importance_real_time_price.csv,roll_mean
real_time_price,xgb_oof_train,flat,roll_mean_16,0.0281929986085742,3,feature_importance_real_time_price.csv,roll_mean
real_time_price,xgb_oof_train,flat,sin_slot96,0.0245460090764726,4,feature_importance_real_time_price.csv,calendar_time
real_time_price,xgb_oof_train,flat,is_holiday,0.0244421555947225,5,feature_importance_real_time_price.csv,holiday_binary
real_time_price,xgb_oof_train,flat,cos_slot96,0.0234322314365552,6,feature_importance_real_time_price.csv,calendar_time
real_time_price,xgb_oof_train,flat,roll_mean_96,0.0217148416066685,7,feature_importance_real_time_price.csv,roll_mean
real_time_price,xgb_oof_train,flat,roll_std_96,0.0215507342050281,8,feature_importance_real_time_price.csv,roll_std
real_time_price,xgb_oof_train,flat,diff_1,0.0192683266941458,9,feature_importance_real_time_price.csv,diff
real_time_price,xgb_oof_train,flat,before_holiday_1d,0.0178507261768502,10,feature_importance_real_time_price.csv,holiday_binary
real_time_price,xgb_oof_train,global,lag_1,0.4225132273366818,1,feature_importance_real_time_price.csv,lag
real_time_price,xgb_oof_train,global,roll_mean_4,0.2210406328623111,2,feature_importance_real_time_price.csv,roll_mean
real_time_price,xgb_oof_train,global,roll_mean_16,0.0452592379341905,3,feature_importance_real_time_price.csv,roll_mean
real_time_price,xgb_oof_train,global,holiday_name_Dragon Boat Festival,0.0277087831905541,4,feature_importance_real_time_price.csv,holiday_name
real_time_price,xgb_oof_train,global,lag_2,0.0167938023268316,5,feature_importance_real_time_price.csv,lag
real_time_price,xgb_oof_train,global,diff_1,0.0161671097067972,6,feature_importance_real_time_price.csv,diff
real_time_price,xgb_oof_train,global,is_holiday,0.0161236471612937,7,feature_importance_real_time_price.csv,holiday_binary
real_time_price,xgb_oof_train,global,slot96,0.0144699992826924,8,feature_importance_real_time_price.csv,calendar_time
real_time_price,xgb_oof_train,global,roll_mean_96,0.0143581227077027,9,feature_importance_real_time_price.csv,roll_mean
real_time_price,xgb_oof_train,global,roll_mean_672,0.0143391474938163,10,feature_importance_real_time_price.csv,roll_mean
real_time_price,xgb_oof_train,peak,lag_1,0.2082478684158279,1,feature_importance_real_time_price.csv,lag
real_time_price,xgb_oof_train,peak,holiday_name_Dragon Boat Festival,0.1678905313691267,2,feature_importance_real_time_price.csv,holiday_name
real_time_price,xgb_oof_train,peak,roll_mean_4,0.1381469291563217,3,feature_importance_real_time_price.csv,roll_mean
real_time_price,xgb_oof_train,peak,roll_mean_16,0.0991567332082642,4,feature_importance_real_time_price.csv,roll_mean
real_time_price,xgb_oof_train,peak,cos_slot96,0.0267943564551667,5,feature_importance_real_time_price.csv,calendar_time
real_time_price,xgb_oof_train,peak,roll_mean_672,0.0249011392633502,6,feature_importance_real_time_price.csv,roll_mean
real_time_price,xgb_oof_train,peak,lag_2,0.0234685775000028,7,feature_importance_real_time_price.csv,lag
real_time_price,xgb_oof_train,peak,holiday_name_Labour Day,0.0183656788789309,8,feature_importance_real_time_price.csv,holiday_name
real_time_price,xgb_oof_train,peak,diff_1,0.0180923308854779,9,feature_importance_real_time_price.csv,diff
real_time_price,xgb_oof_train,peak,slot96,0.0177085324047276,10,feature_importance_real_time_price.csv,calendar_time
real_time_price,xgb_oof_train,valley,roll_mean_4,0.3665589787639104,1,feature_importance_real_time_price.csv,roll_mean
real_time_price,xgb_oof_train,valley,lag_1,0.1974238078468121,2,feature_importance_real_time_price.csv,lag
real_time_price,xgb_oof_train,valley,roll_mean_672,0.0543526522457026,3,feature_importance_real_time_price.csv,roll_mean
real_time_price,xgb_oof_train,valley,roll_mean_16,0.0349114094950402,4,feature_importance_real_time_price.csv,roll_mean
real_time_price,xgb_oof_train,valley,roll_mean_96,0.0314300877507776,5,feature_importance_real_time_price.csv,roll_mean
real_time_price,xgb_oof_train,valley,lag_96,0.0251170689813219,6,feature_importance_real_time_price.csv,lag
real_time_price,xgb_oof_train,valley,slot96,0.0223593105956052,7,feature_importance_real_time_price.csv,calendar_time
real_time_price,xgb_oof_train,valley,lag_2,0.0181543154176324,8,feature_importance_real_time_price.csv,lag
real_time_price,xgb_oof_train,valley,diff_96,0.0172341310132581,9,feature_importance_real_time_price.csv,diff
real_time_price,xgb_oof_train,valley,holiday_name_Spring Festival,0.0162449404955483,10,feature_importance_real_time_price.csv,holiday_name
spread_day_ahead_price,chronos_xgb_residual_spread_xgb_part,all,is_holiday,0.127185121178627,1,feature_importance_spread_day_ahead_price.csv,holiday_binary
spread_day_ahead_price,chronos_xgb_residual_spread_xgb_part,all,is_workday,0.1045011803507804,2,feature_importance_spread_day_ahead_price.csv,holiday_binary
spread_day_ahead_price,chronos_xgb_residual_spread_xgb_part,all,dayofweek,0.0819535925984382,3,feature_importance_spread_day_ahead_price.csv,calendar_time
spread_day_ahead_price,chronos_xgb_residual_spread_xgb_part,all,roll_mean_7,0.0724498033523559,4,feature_importance_spread_day_ahead_price.csv,roll_mean
spread_day_ahead_price,chronos_xgb_residual_spread_xgb_part,all,roll_mean_14,0.0705319121479988,5,feature_importance_spread_day_ahead_price.csv,roll_mean
spread_day_ahead_price,chronos_xgb_residual_spread_xgb_part,all,after_holiday_1d,0.0698874071240425,6,feature_importance_spread_day_ahead_price.csv,holiday_binary
spread_day_ahead_price,chronos_xgb_residual_spread_xgb_part,all,month,0.0681553557515144,7,feature_importance_spread_day_ahead_price.csv,calendar_time
spread_day_ahead_price,chronos_xgb_residual_spread_xgb_part,all,diff_7,0.0666076466441154,8,feature_importance_spread_day_ahead_price.csv,diff
spread_day_ahead_price,chronos_xgb_residual_spread_xgb_part,all,lag_14,0.0610103271901607,9,feature_importance_spread_day_ahead_price.csv,lag
spread_day_ahead_price,chronos_xgb_residual_spread_xgb_part,all,roll_std_7,0.0590539649128913,10,feature_importance_spread_day_ahead_price.csv,roll_std
spread_day_ahead_price,xgb_only_spread,all,is_holiday,0.4093892574310303,1,feature_importance_spread_day_ahead_price.csv,holiday_binary
spread_day_ahead_price,xgb_only_spread,all,is_workday,0.3151217997074127,2,feature_importance_spread_day_ahead_price.csv,holiday_binary
spread_day_ahead_price,xgb_only_spread,all,diff_7,0.0348883271217346,3,feature_importance_spread_day_ahead_price.csv,diff
spread_day_ahead_price,xgb_only_spread,all,roll_mean_7,0.0314990580081939,4,feature_importance_spread_day_ahead_price.csv,roll_mean
spread_day_ahead_price,xgb_only_spread,all,roll_mean_14,0.0268997345119714,5,feature_importance_spread_day_ahead_price.csv,roll_mean
spread_day_ahead_price,xgb_only_spread,all,lag_1,0.0267498549073934,6,feature_importance_spread_day_ahead_price.csv,lag
spread_day_ahead_price,xgb_only_spread,all,after_holiday_1d,0.0202753115445375,7,feature_importance_spread_day_ahead_price.csv,holiday_binary
spread_day_ahead_price,xgb_only_spread,all,dayofweek,0.0182479191571474,8,feature_importance_spread_day_ahead_price.csv,calendar_time
spread_day_ahead_price,xgb_only_spread,all,lag_14,0.0180298462510108,9,feature_importance_spread_day_ahead_price.csv,lag
spread_day_ahead_price,xgb_only_spread,all,before_holiday_1d,0.0179988965392112,10,feature_importance_spread_day_ahead_price.csv,holiday_binary
spread_day_ahead_price,xgb_oof_train_spread,all,is_holiday,0.2369494652285159,1,feature_importance_spread_day_ahead_price.csv,holiday_binary
spread_day_ahead_price,xgb_oof_train_spread,all,is_workday,0.1197446380488719,2,feature_importance_spread_day_ahead_price.csv,holiday_binary
spread_day_ahead_price,xgb_oof_train_spread,all,month,0.0643932771263192,3,feature_importance_spread_day_ahead_price.csv,calendar_time
spread_day_ahead_price,xgb_oof_train_spread,all,diff_7,0.0571411192344809,4,feature_importance_spread_day_ahead_price.csv,diff
spread_day_ahead_price,xgb_oof_train_spread,all,roll_mean_14,0.056733015942776,5,feature_importance_spread_day_ahead_price.csv,roll_mean
spread_day_ahead_price,xgb_oof_train_spread,all,dayofweek,0.0553710360658689,6,feature_importance_spread_day_ahead_price.csv,calendar_time
spread_day_ahead_price,xgb_oof_train_spread,all,roll_mean_7,0.054120220714113,7,feature_importance_spread_day_ahead_price.csv,roll_mean
spread_day_ahead_price,xgb_oof_train_spread,all,roll_mean_3,0.0519302416122654,8,feature_importance_spread_day_ahead_price.csv,roll_mean
spread_day_ahead_price,xgb_oof_train_spread,all,roll_std_7,0.0489429645782824,9,feature_importance_spread_day_ahead_price.csv,roll_std
spread_day_ahead_price,xgb_oof_train_spread,all,before_holiday_1d,0.048228805719703,10,feature_importance_spread_day_ahead_price.csv,holiday_binary
spread_real_time_price,chronos_xgb_residual_spread_xgb_part,all,after_holiday_1d,0.0919252187013626,1,feature_importance_spread_real_time_price.csv,holiday_binary
spread_real_time_price,chronos_xgb_residual_spread_xgb_part,all,roll_mean_14,0.0901914536952972,2,feature_importance_spread_real_time_price.csv,roll_mean
spread_real_time_price,chronos_xgb_residual_spread_xgb_part,all,roll_std_7,0.084969088435173,3,feature_importance_spread_real_time_price.csv,roll_std
spread_real_time_price,chronos_xgb_residual_spread_xgb_part,all,is_holiday,0.0841391384601593,4,feature_importance_spread_real_time_price.csv,holiday_binary
spread_real_time_price,chronos_xgb_residual_spread_xgb_part,all,diff_7,0.0831239074468612,5,feature_importance_spread_real_time_price.csv,diff
spread_real_time_price,chronos_xgb_residual_spread_xgb_part,all,roll_mean_7,0.0822485834360122,6,feature_importance_spread_real_time_price.csv,roll_mean
spread_real_time_price,chronos_xgb_residual_spread_xgb_part,all,roll_mean_3,0.07589703053236,7,feature_importance_spread_real_time_price.csv,roll_mean
spread_real_time_price,chronos_xgb_residual_spread_xgb_part,all,dayofweek,0.0741518586874008,8,feature_importance_spread_real_time_price.csv,calendar_time
spread_real_time_price,chronos_xgb_residual_spread_xgb_part,all,lag_1,0.0721626654267311,9,feature_importance_spread_real_time_price.csv,lag
spread_real_time_price,chronos_xgb_residual_spread_xgb_part,all,lag_14,0.0687091946601867,10,feature_importance_spread_real_time_price.csv,lag
spread_real_time_price,xgb_only_spread,all,roll_mean_3,0.145902082324028,1,feature_importance_spread_real_time_price.csv,roll_mean
spread_real_time_price,xgb_only_spread,all,roll_mean_14,0.1007301062345504,2,feature_importance_spread_real_time_price.csv,roll_mean
spread_real_time_price,xgb_only_spread,all,lag_28,0.0931190773844719,3,feature_importance_spread_real_time_price.csv,lag
spread_real_time_price,xgb_only_spread,all,after_holiday_1d,0.0818371400237083,4,feature_importance_spread_real_time_price.csv,holiday_binary
spread_real_time_price,xgb_only_spread,all,is_holiday,0.0769230648875236,5,feature_importance_spread_real_time_price.csv,holiday_binary
spread_real_time_price,xgb_only_spread,all,month,0.0692986920475959,6,feature_importance_spread_real_time_price.csv,calendar_time
spread_real_time_price,xgb_only_spread,all,roll_std_7,0.0680564194917678,7,feature_importance_spread_real_time_price.csv,roll_std
spread_real_time_price,xgb_only_spread,all,dayofweek,0.0656809657812118,8,feature_importance_spread_real_time_price.csv,calendar_time
spread_real_time_price,xgb_only_spread,all,roll_mean_7,0.0553712509572505,9,feature_importance_spread_real_time_price.csv,roll_mean
spread_real_time_price,xgb_only_spread,all,lag_14,0.0532620400190353,10,feature_importance_spread_real_time_price.csv,lag
spread_real_time_price,xgb_oof_train_spread,all,roll_mean_3,0.1372686312204659,1,feature_importance_spread_real_time_price.csv,roll_mean
spread_real_time_price,xgb_oof_train_spread,all,roll_mean_14,0.0999101699151174,2,feature_importance_spread_real_time_price.csv,roll_mean
spread_real_time_price,xgb_oof_train_spread,all,lag_28,0.0954448031355636,3,feature_importance_spread_real_time_price.csv,lag
spread_real_time_price,xgb_oof_train_spread,all,month,0.0780960319168639,4,feature_importance_spread_real_time_price.csv,calendar_time
spread_real_time_price,xgb_oof_train_spread,all,roll_std_7,0.0767355011117578,5,feature_importance_spread_real_time_price.csv,roll_std
spread_real_time_price,xgb_oof_train_spread,all,diff_7,0.0764165064790333,6,feature_importance_spread_real_time_price.csv,diff
spread_real_time_price,xgb_oof_train_spread,all,after_holiday_1d,0.0634382950951053,7,feature_importance_spread_real_time_price.csv,holiday_binary
spread_real_time_price,xgb_oof_train_spread,all,dayofweek,0.0573635169427202,8,feature_importance_spread_real_time_price.csv,calendar_time
spread_real_time_price,xgb_oof_train_spread,all,lag_14,0.050685211903218,9,feature_importance_spread_real_time_price.csv,lag
spread_real_time_price,xgb_oof_train_spread,all,roll_mean_7,0.048454596181259,10,feature_importance_spread_real_time_price.csv,roll_mean
